{
    "username": "USER",
    "email": "tnmasstv@gmail.com",
    "loan_type": "AGRICULTURAL LOAN",
    "duration": 12,
    "monthly_emi": 168333.33,
    "total_payable": 2020000,
    "payments": [
        {
            "month": 1,
            "due_date": "2025-09-01",
            "status": "Verified",
            "paid_amount": 168333.33000000002,
            "remaining_amount": 0
        },
        {
            "month": 2,
            "due_date": "2025-10-01",
            "status": "Pending",
            "paid_amount": 0,
            "remaining_amount": 168333.33
        },
        {
            "month": 3,
            "due_date": "2025-11-01",
            "status": "Pending",
            "paid_amount": 0,
            "remaining_amount": 168333.33
        },
        {
            "month": 4,
            "due_date": "2025-12-01",
            "status": "Pending",
            "paid_amount": 0,
            "remaining_amount": 168333.33
        },
        {
            "month": 5,
            "due_date": "2026-01-01",
            "status": "Pending",
            "paid_amount": 0,
            "remaining_amount": 168333.33
        },
        {
            "month": 6,
            "due_date": "2026-02-01",
            "status": "Pending",
            "paid_amount": 0,
            "remaining_amount": 168333.33
        },
        {
            "month": 7,
            "due_date": "2026-03-01",
            "status": "Pending",
            "paid_amount": 0,
            "remaining_amount": 168333.33
        },
        {
            "month": 8,
            "due_date": "2026-04-01",
            "status": "Pending",
            "paid_amount": 0,
            "remaining_amount": 168333.33
        },
        {
            "month": 9,
            "due_date": "2026-05-01",
            "status": "Pending",
            "paid_amount": 0,
            "remaining_amount": 168333.33
        },
        {
            "month": 10,
            "due_date": "2026-06-01",
            "status": "Pending",
            "paid_amount": 0,
            "remaining_amount": 168333.33
        },
        {
            "month": 11,
            "due_date": "2026-07-01",
            "status": "Pending",
            "paid_amount": 0,
            "remaining_amount": 168333.33
        },
        {
            "month": 12,
            "due_date": "2026-08-01",
            "status": "Pending",
            "paid_amount": 0,
            "remaining_amount": 168333.33
        }
    ]
}