[
    {
        "id": "688cf4dfc6ec3",
        "user_id": "tnmasstv@gmail.com",
        "username": "OFFICER",
        "loan_type_id": "688cee0e1f71a",
        "loan_type_name": "STUDENTS LOAN",
        "interest": "0.5",
        "amount": 100000,
        "duration": 24,
        "status": "approved",
        "submitted_at": "2025-08-01 19:09:51",
        "reviewed_by": null,
        "reviewed_at": "2025-08-01 19:44:28",
        "pan_number": "OBXPS3769E",
        "pan_front": "uploads\/pan_cards\/front_688cf4dfc6dc5_photo_6334559261446752673_y.jpg"
    },
    {
        "id": "688cfd51a389c",
        "user_id": "tnmasstv@gmail.com",
        "username": "USER",
        "loan_type_id": "688cede32da93",
        "loan_type_name": "EDUCATIONAL LOAN",
        "interest": "2",
        "amount": 1000000,
        "duration": 12,
        "status": "pending",
        "submitted_at": "2025-08-01 19:45:53",
        "reviewed_by": null,
        "reviewed_at": null,
        "pan_number": "OBXPS3769E",
        "pan_front": "uploads\/pan_cards\/front_688cfd51a376c___upload_banner1.jpg"
    }
]